{
  "9836134e-b892-4283-b6b2-78b5acf3ed45": {
    "asset": 1568707779000,
    "meta": 1568707779000,
    "relativePath": "effects"
  },
  "430eccbf-bf2c-4e6e-8c0c-884bbb487f32": {
    "asset": 1568707779000,
    "meta": 1652771354658,
    "relativePath": "effects/__builtin-editor-gizmo-line.effect"
  },
  "6c5cf6e1-b044-4eac-9431-835644d57381": {
    "asset": 1568707779000,
    "meta": 1652771354684,
    "relativePath": "effects/__builtin-editor-gizmo-unlit.effect"
  },
  "115286d1-2e10-49ee-aab4-341583f607e8": {
    "asset": 1568707779000,
    "meta": 1652771354731,
    "relativePath": "effects/__builtin-editor-gizmo.effect"
  },
  "abc2cb62-7852-4525-a90d-d474487b88f2": {
    "asset": 1568707779000,
    "meta": 1652771354732,
    "relativePath": "effects/builtin-phong.effect"
  },
  "f8e6b000-5643-4b86-9080-aa680ce1f599": {
    "asset": 1568707779000,
    "meta": 1568707779000,
    "relativePath": "image"
  },
  "71561142-4c83-4933-afca-cb7a17f67053": {
    "asset": 1568707779000,
    "meta": 1652771354785,
    "relativePath": "image/default_btn_disabled.png"
  },
  "e851e89b-faa2-4484-bea6-5c01dd9f06e2": {
    "asset": 1568707779000,
    "meta": 1652771354786,
    "relativePath": "image/default_btn_normal.png"
  },
  "b43ff3c2-02bb-4874-81f7-f2dea6970f18": {
    "asset": 1568707779000,
    "meta": 1652771354796,
    "relativePath": "image/default_btn_pressed.png"
  },
  "edd215b9-2796-4a05-aaf5-81f96c9281ce": {
    "asset": 1568707779000,
    "meta": 1652771354798,
    "relativePath": "image/default_editbox_bg.png"
  },
  "d81ec8ad-247c-4e62-aa3c-d35c4193c7af": {
    "asset": 1568707779000,
    "meta": 1652771354806,
    "relativePath": "image/default_panel.png"
  },
  "99170b0b-d210-46f1-b213-7d9e3f23098a": {
    "asset": 1568707779000,
    "meta": 1652771354807,
    "relativePath": "image/default_progressbar_bg.png"
  },
  "cfef78f1-c8df-49b7-8ed0-4c953ace2621": {
    "asset": 1568707779000,
    "meta": 1652771354817,
    "relativePath": "image/default_progressbar.png"
  },
  "567dcd80-8bf4-4535-8a5a-313f1caf078a": {
    "asset": 1568707779000,
    "meta": 1652771354818,
    "relativePath": "image/default_radio_button_off.png"
  },
  "9d60001f-b5f4-4726-a629-2659e3ded0b8": {
    "asset": 1568707779000,
    "meta": 1652771354832,
    "relativePath": "image/default_radio_button_on.png"
  },
  "4bab67cb-18e6-4099-b840-355f0473f890": {
    "asset": 1568707779000,
    "meta": 1652771354831,
    "relativePath": "image/default_scrollbar_bg.png"
  },
  "d6d3ca85-4681-47c1-b5dd-d036a9d39ea2": {
    "asset": 1568707779000,
    "meta": 1652771354845,
    "relativePath": "image/default_scrollbar_vertical.png"
  },
  "617323dd-11f4-4dd3-8eec-0caf6b3b45b9": {
    "asset": 1568707779000,
    "meta": 1652771354844,
    "relativePath": "image/default_scrollbar_vertical_bg.png"
  },
  "0275e94c-56a7-410f-bd1a-fc7483f7d14a": {
    "asset": 1568707779000,
    "meta": 1652771354853,
    "relativePath": "image/default_sprite_splash.png"
  },
  "0291c134-b3da-4098-b7b5-e397edbe947f": {
    "asset": 1568707779000,
    "meta": 1652771354854,
    "relativePath": "image/default_scrollbar.png"
  },
  "6e056173-d285-473c-b206-40a7fff5386e": {
    "asset": 1568707779000,
    "meta": 1652771354871,
    "relativePath": "image/default_sprite.png"
  },
  "73a0903d-d80e-4e3c-aa67-f999543c08f5": {
    "asset": 1568707779000,
    "meta": 1652771354872,
    "relativePath": "image/default_toggle_checkmark.png"
  },
  "c25b9d50-c8fc-4d27-beeb-6e7c1f2e5c0f": {
    "asset": 1568707779000,
    "meta": 1652771354883,
    "relativePath": "image/default_toggle_disabled.png"
  },
  "d29077ba-1627-4a72-9579-7b56a235340c": {
    "asset": 1568707779000,
    "meta": 1652771354884,
    "relativePath": "image/default_toggle_normal.png"
  },
  "5c3eedba-6c41-4c0c-9ba7-d91f813cbd1c": {
    "asset": 1568707779000,
    "meta": 1568707779000,
    "relativePath": "materials"
  },
  "c4480a0a-6ac5-443f-8b40-361a14257fc8": {
    "asset": 1568707779000,
    "meta": 1652771354887,
    "relativePath": "materials/builtin-phong.mtl"
  },
  "fc09f9bd-2cce-4605-b630-8145ef809ed6": {
    "asset": 1568707779000,
    "meta": 1568707779000,
    "relativePath": "misc"
  },
  "2be36297-9abb-4fee-8049-9ed5e271da8a": {
    "asset": 1568707779000,
    "meta": 1652771354891,
    "relativePath": "misc/default_video.mp4"
  },
  "db019bf7-f71c-4111-98cf-918ea180cb48": {
    "asset": 1568707779000,
    "meta": 1568707779000,
    "relativePath": "model"
  },
  "e39e96e6-6f6e-413f-bcf1-ac7679bb648a": {
    "asset": 1568707779000,
    "meta": 1568707779000,
    "relativePath": "model/prefab"
  },
  "b181c1e4-0a72-4a91-bfb0-ae6f36ca60bd": {
    "asset": 1568707779000,
    "meta": 1652771354896,
    "relativePath": "image/default_toggle_pressed.png"
  },
  "a87cc147-01b2-43f8-8e42-a7ca90b0c757": {
    "asset": 1568707779000,
    "meta": 1652771354894,
    "relativePath": "model/prefab/box.prefab"
  },
  "fe1417b6-fe6b-46a4-ae7c-9fd331f33a2a": {
    "asset": 1568707779000,
    "meta": 1652771354897,
    "relativePath": "model/prefab/capsule.prefab"
  },
  "b5fc2cf2-7942-483d-be1f-bbeadc4714ad": {
    "asset": 1568707779000,
    "meta": 1652771354899,
    "relativePath": "model/prefab/cone.prefab"
  },
  "1c5e4038-953a-44c2-b620-0bbfc6170477": {
    "asset": 1568707779000,
    "meta": 1652771354900,
    "relativePath": "model/prefab/cylinder.prefab"
  },
  "3f376125-a699-40ca-ad05-04d662eaa1f2": {
    "asset": 1568707779000,
    "meta": 1652771354901,
    "relativePath": "model/prefab/plane.prefab"
  },
  "2d9a4b85-b0ab-4c46-84c5-18f393ab2058": {
    "asset": 1568707779000,
    "meta": 1652771354904,
    "relativePath": "model/prefab/sphere.prefab"
  },
  "6c9ef10d-b479-420b-bfe6-39cdda6a8ae0": {
    "asset": 1568707779000,
    "meta": 1652771354903,
    "relativePath": "model/prefab/quad.prefab"
  },
  "de510076-056b-484f-b94c-83bef217d0e1": {
    "asset": 1568707779000,
    "meta": 1652771354914,
    "relativePath": "model/prefab/torus.prefab"
  },
  "f6e6dd15-71d1-4ffe-ace7-24fd39942c05": {
    "asset": 1568707779000,
    "meta": 1568707779000,
    "relativePath": "obsolete"
  },
  "8a96b965-2dc0-4e03-aa90-3b79cb93b5b4": {
    "asset": 1568707779000,
    "meta": 1652771354925,
    "relativePath": "obsolete/atom.png"
  },
  "f743d2b6-b7ea-4c14-a55b-547ed4d0a045": {
    "asset": 1568707779000,
    "meta": 1568707779000,
    "relativePath": "particle"
  },
  "b8223619-7e38-47c4-841f-9160c232495a": {
    "asset": 1568707779000,
    "meta": 1652771355127,
    "relativePath": "obsolete/atom.plist"
  },
  "d0a82d39-bede-46c4-b698-c81ff0dedfff": {
    "asset": 1568707779000,
    "meta": 1652771354935,
    "relativePath": "particle/atom.png"
  },
  "ae6c6c98-11e4-452f-8758-75f5c6a56e83": {
    "asset": 1568707779000,
    "meta": 1568707779000,
    "relativePath": "prefab"
  },
  "b2687ac4-099e-403c-a192-ff477686f4f5": {
    "asset": 1568707779000,
    "meta": 1652771355127,
    "relativePath": "particle/atom.plist"
  },
  "972b9a4d-47ee-4c74-b5c3-61d8a69bc29f": {
    "asset": 1568707779000,
    "meta": 1652771354937,
    "relativePath": "prefab/button.prefab"
  },
  "897ef7a1-4860-4f64-968d-f5924b18668a": {
    "asset": 1568707779000,
    "meta": 1652771354938,
    "relativePath": "prefab/camera.prefab"
  },
  "2c937608-2562-40ea-b264-7395df6f0cea": {
    "asset": 1568707779000,
    "meta": 1652771354940,
    "relativePath": "prefab/canvas.prefab"
  },
  "61aeb05b-3b32-452b-8eed-2b76deeed554": {
    "asset": 1568707779000,
    "meta": 1652771354942,
    "relativePath": "prefab/editbox.prefab"
  },
  "27756ebb-3d33-44b0-9b96-e858fadd4dd4": {
    "asset": 1568707779000,
    "meta": 1652771354943,
    "relativePath": "prefab/label.prefab"
  },
  "785a442c-3ceb-45be-a46e-7317f625f3b9": {
    "asset": 1568707779000,
    "meta": 1652771354945,
    "relativePath": "prefab/layout.prefab"
  },
  "ddb99b39-7004-47cd-9705-751905c43c46": {
    "asset": 1568707779000,
    "meta": 1652771354946,
    "relativePath": "prefab/light.prefab"
  },
  "ca8401fe-ad6e-41a8-bd46-8e3e4e9945be": {
    "asset": 1568707779000,
    "meta": 1652771354948,
    "relativePath": "prefab/pageview.prefab"
  },
  "cd33edea-55f5-46c2-958d-357a01384a36": {
    "asset": 1568707779000,
    "meta": 1652771354949,
    "relativePath": "prefab/particlesystem.prefab"
  },
  "5965ffac-69da-4b55-bcde-9225d0613c28": {
    "asset": 1568707779000,
    "meta": 1652771354951,
    "relativePath": "prefab/progressBar.prefab"
  },
  "4a37dd57-78cd-4cec-aad4-f11a73d12b63": {
    "asset": 1568707779000,
    "meta": 1652771354952,
    "relativePath": "prefab/richtext.prefab"
  },
  "32044bd2-481f-4cf1-a656-e2b2fb1594eb": {
    "asset": 1568707779000,
    "meta": 1652771354954,
    "relativePath": "prefab/scrollview.prefab"
  },
  "0004d1cf-a0ad-47d8-ab17-34d3db9d35a3": {
    "asset": 1568707779000,
    "meta": 1652771354956,
    "relativePath": "prefab/slider.prefab"
  },
  "1f55e3be-b89b-4b79-88de-47fd31018044": {
    "asset": 1568707779000,
    "meta": 1652771354958,
    "relativePath": "prefab/sprite_splash.prefab"
  },
  "96083d03-c332-4a3f-9386-d03e2d19e8ee": {
    "asset": 1568707779000,
    "meta": 1652771354960,
    "relativePath": "prefab/sprite.prefab"
  },
  "7de03a80-4457-438d-95a7-3e7cdffd6086": {
    "asset": 1568707779000,
    "meta": 1652771354984,
    "relativePath": "prefab/tiledmap.prefab"
  },
  "0e42ba95-1fa1-46aa-b2cf-143cd1bcee2c": {
    "asset": 1568707779000,
    "meta": 1652771355000,
    "relativePath": "prefab/tiledtile.prefab"
  },
  "0d784963-d024-4ea6-a7db-03be0ad63010": {
    "asset": 1568707779000,
    "meta": 1652771355006,
    "relativePath": "prefab/toggle.prefab"
  },
  "bf0a434c-84dd-4a8e-a08a-7a36f180cc75": {
    "asset": 1568707779000,
    "meta": 1652771355010,
    "relativePath": "prefab/toggleContainer.prefab"
  },
  "d1b8be49-b0a0-435c-83b7-552bed4bbe35": {
    "asset": 1568707779000,
    "meta": 1652771355012,
    "relativePath": "prefab/toggleGroup.prefab"
  },
  "232d2782-c4bd-4bb4-9e01-909f03d6d3b9": {
    "asset": 1568707779000,
    "meta": 1652771355028,
    "relativePath": "prefab/videoplayer.prefab"
  },
  "8c5001fd-07ee-4a4b-a8a0-63e15195e94d": {
    "asset": 1568707779000,
    "meta": 1652771355035,
    "relativePath": "prefab/webview.prefab"
  },
  "d8afc78c-4eac-4a9f-83dd-67bc70344d33": {
    "asset": 1568707779000,
    "meta": 1568707779000,
    "relativePath": "resources"
  },
  "294c1663-4adf-4a1e-a795-53808011a38a": {
    "asset": 1568707779000,
    "meta": 1568707779000,
    "relativePath": "resources/effects"
  },
  "144c3297-af63-49e8-b8ef-1cfa29b3be28": {
    "asset": 1568707779000,
    "meta": 1652771355040,
    "relativePath": "resources/effects/builtin-2d-gray-sprite.effect"
  },
  "0e93aeaa-0b53-4e40-b8e0-6268b4e07bd7": {
    "asset": 1568707779000,
    "meta": 1652771355046,
    "relativePath": "resources/effects/builtin-2d-spine.effect"
  },
  "2874f8dd-416c-4440-81b7-555975426e93": {
    "asset": 1568707779000,
    "meta": 1652771355052,
    "relativePath": "resources/effects/builtin-2d-sprite.effect"
  },
  "c0040c95-c57f-49cd-9cbc-12316b73d0d4": {
    "asset": 1568707779000,
    "meta": 1652771355055,
    "relativePath": "resources/effects/builtin-clear-stencil.effect"
  },
  "79eafaef-b7ef-45d9-9c3f-591dc836fc7a": {
    "asset": 1568707779000,
    "meta": 1652771355078,
    "relativePath": "resources/effects/builtin-unlit-transparent.effect"
  },
  "6d91e591-4ce0-465c-809f-610ec95019c6": {
    "asset": 1568707779000,
    "meta": 1652771355098,
    "relativePath": "resources/effects/builtin-unlit.effect"
  },
  "bbee2217-c261-49bd-a8ce-708d6bcc3500": {
    "asset": 1568707779000,
    "meta": 1568707779000,
    "relativePath": "resources/materials"
  },
  "6f801092-0c37-4f30-89ef-c8d960825b36": {
    "asset": 1568707779000,
    "meta": 1652771355101,
    "relativePath": "resources/materials/builtin-2d-base.mtl"
  },
  "3a7bb79f-32fd-422e-ada2-96f518fed422": {
    "asset": 1568707779000,
    "meta": 1652771355104,
    "relativePath": "resources/materials/builtin-2d-gray-sprite.mtl"
  },
  "7afd064b-113f-480e-b793-8817d19f63c3": {
    "asset": 1568707779000,
    "meta": 1652771355104,
    "relativePath": "resources/materials/builtin-2d-spine.mtl"
  },
  "eca5d2f2-8ef6-41c2-bbe6-f9c79d09c432": {
    "asset": 1568707779000,
    "meta": 1652771355106,
    "relativePath": "resources/materials/builtin-2d-sprite.mtl"
  },
  "cf7e0bb8-a81c-44a9-ad79-d28d43991032": {
    "asset": 1568707779000,
    "meta": 1652771355106,
    "relativePath": "resources/materials/builtin-clear-stencil.mtl"
  },
  "2a296057-247c-4a1c-bbeb-0548b6c98650": {
    "asset": 1568707779000,
    "meta": 1652771355107,
    "relativePath": "resources/materials/builtin-unlit.mtl"
  },
  "954fec8b-cd16-4bb9-a3b7-7719660e7558": {
    "asset": 1568707779000,
    "meta": 1652771357421,
    "relativePath": "model/primitives.fbx"
  },
  "29f52784-2fca-467b-92e7-8fd9ef8c57b7": {
    "asset": 1652666374827,
    "meta": 1652493909680,
    "relativePath": "Scene"
  },
  "4734c20c-0db8-4eb2-92ea-e692f4d70934": {
    "asset": 1652666374831,
    "meta": 1652493909680,
    "relativePath": "Script"
  },
  "2d2f792f-a40c-49bb-a189-ed176a246e49": {
    "asset": 1652670414215,
    "meta": 1652670414227,
    "relativePath": "Scene/helloworld.fire"
  },
  "7b81d4e8-ec84-4716-968d-500ac1d78a54": {
    "asset": 1652493909682,
    "meta": 1652493909680,
    "relativePath": "Texture"
  },
  "a8027877-d8d6-4645-97a0-52d4a0123dba": {
    "asset": 1652493909682,
    "meta": 1652493918080,
    "relativePath": "Texture/singleColor.png"
  },
  "6aa0aa6a-ebee-4155-a088-a687a6aadec4": {
    "asset": 1652493909682,
    "meta": 1652493918096,
    "relativePath": "Texture/HelloWorld.png"
  },
  "061a789b-2495-4c33-8f38-aea1fd615e4f": {
    "asset": 1652498371991,
    "meta": 1652498365431,
    "relativePath": "Prefab"
  },
  "74752436-30b4-411b-9398-2ac6ac722369": {
    "asset": 1652503708083,
    "meta": 1652503708095,
    "relativePath": "Prefab/Block.prefab"
  },
  "dae1d420-9036-4e5f-b162-641ee10d9098": {
    "asset": 1652501087176,
    "meta": 1652501077182,
    "relativePath": "Fonts"
  },
  "2373b3a2-fa69-48df-959d-2215de7d0d7d": {
    "asset": 1652501087173,
    "meta": 1652501087180,
    "relativePath": "Fonts/Paul-le1V.ttf"
  },
  "6d9ba23d-9e4d-4a03-9dbf-9d8cf50b5400": {
    "asset": 1652666374828,
    "meta": 1652666406986,
    "relativePath": "Script/Colors.js"
  },
  "647f3b78-0a37-4199-9f8e-63ea546ea79c": {
    "asset": 1652666374831,
    "meta": 1652666407033,
    "relativePath": "Script/Variables.js"
  },
  "f385b291-d601-4740-945b-bfeec3e39845": {
    "asset": 1652666374831,
    "meta": 1652666406842,
    "relativePath": "gameDemo.js"
  },
  "cdb21837-f3d0-4aa8-b66f-2742a8d5bfe3": {
    "asset": 1652666374827,
    "meta": 1652666406958,
    "relativePath": "Script/BestScore.js"
  },
  "d13d2276-d7f4-4476-b485-b0ecd46b77a7": {
    "asset": 1652666374831,
    "meta": 1652666407028,
    "relativePath": "Script/mEmitter.js"
  },
  "062afa1b-58a6-4973-9c4a-8b9ac922110a": {
    "asset": 1652666374830,
    "meta": 1652666407031,
    "relativePath": "Script/Score.js"
  },
  "b4d15f20-0d23-48f2-97af-23e808bec5a5": {
    "asset": 1652670067013,
    "meta": 1652670193418,
    "relativePath": "Script/Game.js"
  },
  "b20948d3-a26b-4941-91a6-1f0a46c07bf6": {
    "asset": 1652670988139,
    "meta": 1652671010381,
    "relativePath": "Script/BlockLayout.js"
  }
}